LOCATION,SCALE,MAX_PACKET
2.8149203452085194,0.2984842671366489,52.0
